Имя_0;Фамилия_0;Город_8; +7 999 123 ** **;
Имя_1;Фамилия_1;Город_7; +7 999 123 ** **;
Имя_2;Фамилия_2;Город_9; +7 999 123 ** **;
Имя_3;Фамилия_3;Город_6; +7 999 123 ** **;
Имя_4;Фамилия_4;Город_4; +7 999 123 ** **;
Имя_5;Фамилия_5;Город_3; +7 999 123 ** **;
Имя_6;Фамилия_6;Город_5; +7 999 123 ** **;
Имя_7;Фамилия_7;Город_3; +7 999 123 ** **;
Имя_8;Фамилия_8;Город_3; +7 999 123 ** **;
Имя_9;Фамилия_9;Город_6; +7 999 123 ** **;
Имя_10;Фамилия_10;Город_1; +7 999 123 ** **;
Имя_11;Фамилия_11;Город_4; +7 999 123 ** **;
Имя_12;Фамилия_12;Город_8; +7 999 123 ** **;
Имя_13;Фамилия_13;Город_6; +7 999 123 ** **;
Имя_14;Фамилия_14;Город_8; +7 999 123 ** **;
Имя_15;Фамилия_15;Город_3; +7 999 123 ** **;
Имя_16;Фамилия_16;Город_7; +7 999 123 ** **;
Имя_17;Фамилия_17;Город_5; +7 999 123 ** **;
Имя_18;Фамилия_18;Город_9; +7 999 123 ** **;
Имя_19;Фамилия_19;Город_6; +7 999 123 ** **;
Имя_20;Фамилия_20;Город_6; +7 999 123 ** **;
Имя_21;Фамилия_21;Город_8; +7 999 123 ** **;
Имя_22;Фамилия_22;Город_3; +7 999 123 ** **;
Имя_23;Фамилия_23;Город_1; +7 999 123 ** **;
Имя_24;Фамилия_24;Город_4; +7 999 123 ** **;
Имя_25;Фамилия_25;Город_7; +7 999 123 ** **;
Имя_26;Фамилия_26;Город_9; +7 999 123 ** **;
Имя_27;Фамилия_27;Город_3; +7 999 123 ** **;
Имя_28;Фамилия_28;Город_6; +7 999 123 ** **;
Имя_29;Фамилия_29;Город_8; +7 999 123 ** **;
Имя_30;Фамилия_30;Город_1; +7 999 123 ** **;
Имя_31;Фамилия_31;Город_4; +7 999 123 ** **;
Имя_32;Фамилия_32;Город_8; +7 999 123 ** **;
Имя_33;Фамилия_33;Город_6; +7 999 123 ** **;
Имя_34;Фамилия_34;Город_3; +7 999 123 ** **;
Имя_35;Фамилия_35;Город_6; +7 999 123 ** **;
Имя_36;Фамилия_36;Город_7; +7 999 123 ** **;
Имя_37;Фамилия_37;Город_7; +7 999 123 ** **;
Имя_38;Фамилия_38;Город_8; +7 999 123 ** **;
Имя_39;Фамилия_39;Город_8; +7 999 123 ** **;
Имя_40;Фамилия_40;Город_8; +7 999 123 ** **;
Имя_41;Фамилия_41;Город_7; +7 999 123 ** **;
Имя_42;Фамилия_42;Город_8; +7 999 123 ** **;
Имя_43;Фамилия_43;Город_6; +7 999 123 ** **;
Имя_44;Фамилия_44;Город_2; +7 999 123 ** **;
Имя_45;Фамилия_45;Город_7; +7 999 123 ** **;
Имя_46;Фамилия_46;Город_9; +7 999 123 ** **;
Имя_47;Фамилия_47;Город_7; +7 999 123 ** **;
Имя_48;Фамилия_48;Город_3; +7 999 123 ** **;
Имя_49;Фамилия_49;Город_8; +7 999 123 ** **;
Имя_50;Фамилия_50;Город_5; +7 999 123 ** **;
Имя_51;Фамилия_51;Город_6; +7 999 123 ** **;
Имя_52;Фамилия_52;Город_3; +7 999 123 ** **;
Имя_53;Фамилия_53;Город_9; +7 999 123 ** **;
Имя_54;Фамилия_54;Город_5; +7 999 123 ** **;
Имя_55;Фамилия_55;Город_7; +7 999 123 ** **;
Имя_56;Фамилия_56;Город_4; +7 999 123 ** **;
Имя_57;Фамилия_57;Город_8; +7 999 123 ** **;
Имя_58;Фамилия_58;Город_3; +7 999 123 ** **;
Имя_59;Фамилия_59;Город_2; +7 999 123 ** **;
Имя_60;Фамилия_60;Город_5; +7 999 123 ** **;
Имя_61;Фамилия_61;Город_4; +7 999 123 ** **;
Имя_62;Фамилия_62;Город_1; +7 999 123 ** **;
Имя_63;Фамилия_63;Город_9; +7 999 123 ** **;
Имя_64;Фамилия_64;Город_4; +7 999 123 ** **;
Имя_65;Фамилия_65;Город_2; +7 999 123 ** **;
Имя_66;Фамилия_66;Город_5; +7 999 123 ** **;
Имя_67;Фамилия_67;Город_6; +7 999 123 ** **;
Имя_68;Фамилия_68;Город_6; +7 999 123 ** **;
Имя_69;Фамилия_69;Город_7; +7 999 123 ** **;
Имя_70;Фамилия_70;Город_6; +7 999 123 ** **;
Имя_71;Фамилия_71;Город_8; +7 999 123 ** **;
Имя_72;Фамилия_72;Город_1; +7 999 123 ** **;
Имя_73;Фамилия_73;Город_2; +7 999 123 ** **;
Имя_74;Фамилия_74;Город_8; +7 999 123 ** **;
Имя_75;Фамилия_75;Город_5; +7 999 123 ** **;
Имя_76;Фамилия_76;Город_3; +7 999 123 ** **;
Имя_77;Фамилия_77;Город_1; +7 999 123 ** **;
Имя_78;Фамилия_78;Город_5; +7 999 123 ** **;
Имя_79;Фамилия_79;Город_8; +7 999 123 ** **;
Имя_80;Фамилия_80;Город_3; +7 999 123 ** **;
Имя_81;Фамилия_81;Город_7; +7 999 123 ** **;
Имя_82;Фамилия_82;Город_8; +7 999 123 ** **;
Имя_83;Фамилия_83;Город_8; +7 999 123 ** **;
Имя_84;Фамилия_84;Город_6; +7 999 123 ** **;
Имя_85;Фамилия_85;Город_9; +7 999 123 ** **;
Имя_86;Фамилия_86;Город_8; +7 999 123 ** **;
Имя_87;Фамилия_87;Город_1; +7 999 123 ** **;
Имя_88;Фамилия_88;Город_3; +7 999 123 ** **;
Имя_89;Фамилия_89;Город_9; +7 999 123 ** **;
Имя_90;Фамилия_90;Город_9; +7 999 123 ** **;
Имя_91;Фамилия_91;Город_7; +7 999 123 ** **;
Имя_92;Фамилия_92;Город_3; +7 999 123 ** **;
Имя_93;Фамилия_93;Город_4; +7 999 123 ** **;
Имя_94;Фамилия_94;Город_9; +7 999 123 ** **;
Имя_95;Фамилия_95;Город_7; +7 999 123 ** **;
Имя_96;Фамилия_96;Город_3; +7 999 123 ** **;
Имя_97;Фамилия_97;Город_5; +7 999 123 ** **;
Имя_98;Фамилия_98;Город_3; +7 999 123 ** **;
Имя_99;Фамилия_99;Город_4; +7 999 123 ** **;
Имя_100;Фамилия_100;Город_3; +7 999 123 ** **;
Имя_101;Фамилия_101;Город_9; +7 999 123 ** **;
Имя_102;Фамилия_102;Город_5; +7 999 123 ** **;
Имя_103;Фамилия_103;Город_6; +7 999 123 ** **;
Имя_104;Фамилия_104;Город_1; +7 999 123 ** **;
Имя_105;Фамилия_105;Город_8; +7 999 123 ** **;
Имя_106;Фамилия_106;Город_6; +7 999 123 ** **;
Имя_107;Фамилия_107;Город_7; +7 999 123 ** **;
Имя_108;Фамилия_108;Город_7; +7 999 123 ** **;
Имя_109;Фамилия_109;Город_5; +7 999 123 ** **;
Имя_110;Фамилия_110;Город_5; +7 999 123 ** **;
Имя_111;Фамилия_111;Город_7; +7 999 123 ** **;
Имя_112;Фамилия_112;Город_8; +7 999 123 ** **;
Имя_113;Фамилия_113;Город_7; +7 999 123 ** **;
Имя_114;Фамилия_114;Город_5; +7 999 123 ** **;
Имя_115;Фамилия_115;Город_1; +7 999 123 ** **;
Имя_116;Фамилия_116;Город_3; +7 999 123 ** **;
Имя_117;Фамилия_117;Город_3; +7 999 123 ** **;
Имя_118;Фамилия_118;Город_3; +7 999 123 ** **;
Имя_119;Фамилия_119;Город_4; +7 999 123 ** **;
Имя_120;Фамилия_120;Город_4; +7 999 123 ** **;
Имя_121;Фамилия_121;Город_9; +7 999 123 ** **;
Имя_122;Фамилия_122;Город_5; +7 999 123 ** **;
Имя_123;Фамилия_123;Город_6; +7 999 123 ** **;
Имя_124;Фамилия_124;Город_6; +7 999 123 ** **;
Имя_125;Фамилия_125;Город_6; +7 999 123 ** **;
Имя_126;Фамилия_126;Город_9; +7 999 123 ** **;
Имя_127;Фамилия_127;Город_6; +7 999 123 ** **;
Имя_128;Фамилия_128;Город_3; +7 999 123 ** **;
Имя_129;Фамилия_129;Город_9; +7 999 123 ** **;
Имя_130;Фамилия_130;Город_3; +7 999 123 ** **;
Имя_131;Фамилия_131;Город_3; +7 999 123 ** **;
Имя_132;Фамилия_132;Город_3; +7 999 123 ** **;
Имя_133;Фамилия_133;Город_3; +7 999 123 ** **;
Имя_134;Фамилия_134;Город_1; +7 999 123 ** **;
Имя_135;Фамилия_135;Город_3; +7 999 123 ** **;
Имя_136;Фамилия_136;Город_5; +7 999 123 ** **;
Имя_137;Фамилия_137;Город_8; +7 999 123 ** **;
Имя_138;Фамилия_138;Город_3; +7 999 123 ** **;
Имя_139;Фамилия_139;Город_1; +7 999 123 ** **;
Имя_140;Фамилия_140;Город_1; +7 999 123 ** **;
Имя_141;Фамилия_141;Город_3; +7 999 123 ** **;
Имя_142;Фамилия_142;Город_3; +7 999 123 ** **;
Имя_143;Фамилия_143;Город_4; +7 999 123 ** **;
Имя_144;Фамилия_144;Город_2; +7 999 123 ** **;
Имя_145;Фамилия_145;Город_1; +7 999 123 ** **;
Имя_146;Фамилия_146;Город_1; +7 999 123 ** **;
Имя_147;Фамилия_147;Город_2; +7 999 123 ** **;
Имя_148;Фамилия_148;Город_4; +7 999 123 ** **;
Имя_149;Фамилия_149;Город_9; +7 999 123 ** **;
Имя_150;Фамилия_150;Город_2; +7 999 123 ** **;
Имя_151;Фамилия_151;Город_5; +7 999 123 ** **;
Имя_152;Фамилия_152;Город_9; +7 999 123 ** **;
Имя_153;Фамилия_153;Город_7; +7 999 123 ** **;
Имя_154;Фамилия_154;Город_1; +7 999 123 ** **;
Имя_155;Фамилия_155;Город_8; +7 999 123 ** **;
Имя_156;Фамилия_156;Город_2; +7 999 123 ** **;
Имя_157;Фамилия_157;Город_7; +7 999 123 ** **;
Имя_158;Фамилия_158;Город_8; +7 999 123 ** **;
Имя_159;Фамилия_159;Город_4; +7 999 123 ** **;
Имя_160;Фамилия_160;Город_1; +7 999 123 ** **;
Имя_161;Фамилия_161;Город_9; +7 999 123 ** **;
Имя_162;Фамилия_162;Город_6; +7 999 123 ** **;
Имя_163;Фамилия_163;Город_4; +7 999 123 ** **;
Имя_164;Фамилия_164;Город_5; +7 999 123 ** **;
Имя_165;Фамилия_165;Город_9; +7 999 123 ** **;
Имя_166;Фамилия_166;Город_5; +7 999 123 ** **;
Имя_167;Фамилия_167;Город_1; +7 999 123 ** **;
Имя_168;Фамилия_168;Город_6; +7 999 123 ** **;
Имя_169;Фамилия_169;Город_4; +7 999 123 ** **;
Имя_170;Фамилия_170;Город_7; +7 999 123 ** **;
Имя_171;Фамилия_171;Город_1; +7 999 123 ** **;
Имя_172;Фамилия_172;Город_8; +7 999 123 ** **;
Имя_173;Фамилия_173;Город_9; +7 999 123 ** **;
Имя_174;Фамилия_174;Город_7; +7 999 123 ** **;
Имя_175;Фамилия_175;Город_7; +7 999 123 ** **;
Имя_176;Фамилия_176;Город_7; +7 999 123 ** **;
Имя_177;Фамилия_177;Город_8; +7 999 123 ** **;
Имя_178;Фамилия_178;Город_5; +7 999 123 ** **;
Имя_179;Фамилия_179;Город_6; +7 999 123 ** **;
Имя_180;Фамилия_180;Город_2; +7 999 123 ** **;
Имя_181;Фамилия_181;Город_6; +7 999 123 ** **;
Имя_182;Фамилия_182;Город_1; +7 999 123 ** **;
Имя_183;Фамилия_183;Город_4; +7 999 123 ** **;
Имя_184;Фамилия_184;Город_3; +7 999 123 ** **;
Имя_185;Фамилия_185;Город_1; +7 999 123 ** **;
Имя_186;Фамилия_186;Город_7; +7 999 123 ** **;
Имя_187;Фамилия_187;Город_8; +7 999 123 ** **;
Имя_188;Фамилия_188;Город_4; +7 999 123 ** **;
Имя_189;Фамилия_189;Город_1; +7 999 123 ** **;
Имя_190;Фамилия_190;Город_2; +7 999 123 ** **;
Имя_191;Фамилия_191;Город_1; +7 999 123 ** **;
Имя_192;Фамилия_192;Город_3; +7 999 123 ** **;
Имя_193;Фамилия_193;Город_3; +7 999 123 ** **;
Имя_194;Фамилия_194;Город_2; +7 999 123 ** **;
Имя_195;Фамилия_195;Город_1; +7 999 123 ** **;
Имя_196;Фамилия_196;Город_7; +7 999 123 ** **;
Имя_197;Фамилия_197;Город_3; +7 999 123 ** **;
Имя_198;Фамилия_198;Город_2; +7 999 123 ** **;
Имя_199;Фамилия_199;Город_5; +7 999 123 ** **;
Имя_200;Фамилия_200;Город_1; +7 999 123 ** **;
Имя_201;Фамилия_201;Город_3; +7 999 123 ** **;
Имя_202;Фамилия_202;Город_2; +7 999 123 ** **;
Имя_203;Фамилия_203;Город_4; +7 999 123 ** **;
Имя_204;Фамилия_204;Город_5; +7 999 123 ** **;
Имя_205;Фамилия_205;Город_1; +7 999 123 ** **;
Имя_206;Фамилия_206;Город_9; +7 999 123 ** **;
Имя_207;Фамилия_207;Город_3; +7 999 123 ** **;
Имя_208;Фамилия_208;Город_6; +7 999 123 ** **;
Имя_209;Фамилия_209;Город_7; +7 999 123 ** **;
Имя_210;Фамилия_210;Город_6; +7 999 123 ** **;
Имя_211;Фамилия_211;Город_8; +7 999 123 ** **;
Имя_212;Фамилия_212;Город_1; +7 999 123 ** **;
Имя_213;Фамилия_213;Город_9; +7 999 123 ** **;
Имя_214;Фамилия_214;Город_4; +7 999 123 ** **;
Имя_215;Фамилия_215;Город_4; +7 999 123 ** **;
Имя_216;Фамилия_216;Город_3; +7 999 123 ** **;
Имя_217;Фамилия_217;Город_4; +7 999 123 ** **;
Имя_218;Фамилия_218;Город_5; +7 999 123 ** **;
Имя_219;Фамилия_219;Город_8; +7 999 123 ** **;
Имя_220;Фамилия_220;Город_3; +7 999 123 ** **;
Имя_221;Фамилия_221;Город_9; +7 999 123 ** **;
Имя_222;Фамилия_222;Город_4; +7 999 123 ** **;
Имя_223;Фамилия_223;Город_1; +7 999 123 ** **;
Имя_224;Фамилия_224;Город_6; +7 999 123 ** **;
Имя_225;Фамилия_225;Город_6; +7 999 123 ** **;
Имя_226;Фамилия_226;Город_4; +7 999 123 ** **;
Имя_227;Фамилия_227;Город_6; +7 999 123 ** **;
Имя_228;Фамилия_228;Город_6; +7 999 123 ** **;
Имя_229;Фамилия_229;Город_6; +7 999 123 ** **;
Имя_230;Фамилия_230;Город_6; +7 999 123 ** **;
Имя_231;Фамилия_231;Город_8; +7 999 123 ** **;
Имя_232;Фамилия_232;Город_1; +7 999 123 ** **;
Имя_233;Фамилия_233;Город_9; +7 999 123 ** **;
Имя_234;Фамилия_234;Город_1; +7 999 123 ** **;
Имя_235;Фамилия_235;Город_6; +7 999 123 ** **;
Имя_236;Фамилия_236;Город_8; +7 999 123 ** **;
Имя_237;Фамилия_237;Город_2; +7 999 123 ** **;
Имя_238;Фамилия_238;Город_9; +7 999 123 ** **;
Имя_239;Фамилия_239;Город_4; +7 999 123 ** **;
Имя_240;Фамилия_240;Город_7; +7 999 123 ** **;
Имя_241;Фамилия_241;Город_4; +7 999 123 ** **;
Имя_242;Фамилия_242;Город_3; +7 999 123 ** **;
Имя_243;Фамилия_243;Город_6; +7 999 123 ** **;
Имя_244;Фамилия_244;Город_4; +7 999 123 ** **;
Имя_245;Фамилия_245;Город_8; +7 999 123 ** **;
Имя_246;Фамилия_246;Город_2; +7 999 123 ** **;
Имя_247;Фамилия_247;Город_7; +7 999 123 ** **;
Имя_248;Фамилия_248;Город_5; +7 999 123 ** **;
Имя_249;Фамилия_249;Город_2; +7 999 123 ** **;
Имя_250;Фамилия_250;Город_6; +7 999 123 ** **;
Имя_251;Фамилия_251;Город_7; +7 999 123 ** **;
Имя_252;Фамилия_252;Город_8; +7 999 123 ** **;
Имя_253;Фамилия_253;Город_9; +7 999 123 ** **;
Имя_254;Фамилия_254;Город_5; +7 999 123 ** **;
Имя_255;Фамилия_255;Город_1; +7 999 123 ** **;
Имя_256;Фамилия_256;Город_4; +7 999 123 ** **;
Имя_257;Фамилия_257;Город_7; +7 999 123 ** **;
Имя_258;Фамилия_258;Город_2; +7 999 123 ** **;
Имя_259;Фамилия_259;Город_7; +7 999 123 ** **;
Имя_260;Фамилия_260;Город_2; +7 999 123 ** **;
Имя_261;Фамилия_261;Город_4; +7 999 123 ** **;
Имя_262;Фамилия_262;Город_2; +7 999 123 ** **;
Имя_263;Фамилия_263;Город_7; +7 999 123 ** **;
Имя_264;Фамилия_264;Город_6; +7 999 123 ** **;
Имя_265;Фамилия_265;Город_4; +7 999 123 ** **;
Имя_266;Фамилия_266;Город_8; +7 999 123 ** **;
Имя_267;Фамилия_267;Город_8; +7 999 123 ** **;
Имя_268;Фамилия_268;Город_9; +7 999 123 ** **;
Имя_269;Фамилия_269;Город_7; +7 999 123 ** **;
Имя_270;Фамилия_270;Город_6; +7 999 123 ** **;
Имя_271;Фамилия_271;Город_1; +7 999 123 ** **;
Имя_272;Фамилия_272;Город_4; +7 999 123 ** **;
Имя_273;Фамилия_273;Город_7; +7 999 123 ** **;
Имя_274;Фамилия_274;Город_6; +7 999 123 ** **;
Имя_275;Фамилия_275;Город_2; +7 999 123 ** **;
Имя_276;Фамилия_276;Город_7; +7 999 123 ** **;
Имя_277;Фамилия_277;Город_2; +7 999 123 ** **;
Имя_278;Фамилия_278;Город_8; +7 999 123 ** **;
Имя_279;Фамилия_279;Город_4; +7 999 123 ** **;
Имя_280;Фамилия_280;Город_8; +7 999 123 ** **;
Имя_281;Фамилия_281;Город_3; +7 999 123 ** **;
Имя_282;Фамилия_282;Город_3; +7 999 123 ** **;
Имя_283;Фамилия_283;Город_8; +7 999 123 ** **;
Имя_284;Фамилия_284;Город_5; +7 999 123 ** **;
Имя_285;Фамилия_285;Город_7; +7 999 123 ** **;
Имя_286;Фамилия_286;Город_1; +7 999 123 ** **;
Имя_287;Фамилия_287;Город_3; +7 999 123 ** **;
Имя_288;Фамилия_288;Город_8; +7 999 123 ** **;
Имя_289;Фамилия_289;Город_4; +7 999 123 ** **;
Имя_290;Фамилия_290;Город_4; +7 999 123 ** **;
Имя_291;Фамилия_291;Город_9; +7 999 123 ** **;
Имя_292;Фамилия_292;Город_4; +7 999 123 ** **;
Имя_293;Фамилия_293;Город_9; +7 999 123 ** **;
Имя_294;Фамилия_294;Город_4; +7 999 123 ** **;
Имя_295;Фамилия_295;Город_1; +7 999 123 ** **;
Имя_296;Фамилия_296;Город_6; +7 999 123 ** **;
Имя_297;Фамилия_297;Город_2; +7 999 123 ** **;
Имя_298;Фамилия_298;Город_8; +7 999 123 ** **;
Имя_299;Фамилия_299;Город_2; +7 999 123 ** **;
Имя_300;Фамилия_300;Город_2; +7 999 123 ** **;
Имя_301;Фамилия_301;Город_5; +7 999 123 ** **;
Имя_302;Фамилия_302;Город_9; +7 999 123 ** **;
Имя_303;Фамилия_303;Город_4; +7 999 123 ** **;
Имя_304;Фамилия_304;Город_2; +7 999 123 ** **;
Имя_305;Фамилия_305;Город_3; +7 999 123 ** **;
Имя_306;Фамилия_306;Город_4; +7 999 123 ** **;
Имя_307;Фамилия_307;Город_6; +7 999 123 ** **;
Имя_308;Фамилия_308;Город_3; +7 999 123 ** **;
Имя_309;Фамилия_309;Город_5; +7 999 123 ** **;
Имя_310;Фамилия_310;Город_2; +7 999 123 ** **;
Имя_311;Фамилия_311;Город_4; +7 999 123 ** **;
Имя_312;Фамилия_312;Город_4; +7 999 123 ** **;
Имя_313;Фамилия_313;Город_3; +7 999 123 ** **;
Имя_314;Фамилия_314;Город_5; +7 999 123 ** **;
Имя_315;Фамилия_315;Город_9; +7 999 123 ** **;
Имя_316;Фамилия_316;Город_3; +7 999 123 ** **;
Имя_317;Фамилия_317;Город_1; +7 999 123 ** **;
Имя_318;Фамилия_318;Город_1; +7 999 123 ** **;
Имя_319;Фамилия_319;Город_2; +7 999 123 ** **;
Имя_320;Фамилия_320;Город_1; +7 999 123 ** **;
Имя_321;Фамилия_321;Город_1; +7 999 123 ** **;
Имя_322;Фамилия_322;Город_1; +7 999 123 ** **;
Имя_323;Фамилия_323;Город_5; +7 999 123 ** **;
Имя_324;Фамилия_324;Город_7; +7 999 123 ** **;
Имя_325;Фамилия_325;Город_6; +7 999 123 ** **;
Имя_326;Фамилия_326;Город_5; +7 999 123 ** **;
Имя_327;Фамилия_327;Город_6; +7 999 123 ** **;
Имя_328;Фамилия_328;Город_4; +7 999 123 ** **;
Имя_329;Фамилия_329;Город_8; +7 999 123 ** **;
Имя_330;Фамилия_330;Город_4; +7 999 123 ** **;
Имя_331;Фамилия_331;Город_9; +7 999 123 ** **;
Имя_332;Фамилия_332;Город_9; +7 999 123 ** **;
Имя_333;Фамилия_333;Город_8; +7 999 123 ** **;
Имя_334;Фамилия_334;Город_5; +7 999 123 ** **;
Имя_335;Фамилия_335;Город_1; +7 999 123 ** **;
Имя_336;Фамилия_336;Город_8; +7 999 123 ** **;
Имя_337;Фамилия_337;Город_1; +7 999 123 ** **;
Имя_338;Фамилия_338;Город_3; +7 999 123 ** **;
Имя_339;Фамилия_339;Город_2; +7 999 123 ** **;
Имя_340;Фамилия_340;Город_7; +7 999 123 ** **;
Имя_341;Фамилия_341;Город_6; +7 999 123 ** **;
Имя_342;Фамилия_342;Город_7; +7 999 123 ** **;
Имя_343;Фамилия_343;Город_9; +7 999 123 ** **;
Имя_344;Фамилия_344;Город_3; +7 999 123 ** **;
Имя_345;Фамилия_345;Город_7; +7 999 123 ** **;
Имя_346;Фамилия_346;Город_4; +7 999 123 ** **;
Имя_347;Фамилия_347;Город_8; +7 999 123 ** **;
Имя_348;Фамилия_348;Город_6; +7 999 123 ** **;
Имя_349;Фамилия_349;Город_5; +7 999 123 ** **;
Имя_350;Фамилия_350;Город_6; +7 999 123 ** **;
Имя_351;Фамилия_351;Город_5; +7 999 123 ** **;
Имя_352;Фамилия_352;Город_5; +7 999 123 ** **;
Имя_353;Фамилия_353;Город_2; +7 999 123 ** **;
Имя_354;Фамилия_354;Город_8; +7 999 123 ** **;
Имя_355;Фамилия_355;Город_5; +7 999 123 ** **;
Имя_356;Фамилия_356;Город_3; +7 999 123 ** **;
Имя_357;Фамилия_357;Город_7; +7 999 123 ** **;
Имя_358;Фамилия_358;Город_3; +7 999 123 ** **;
Имя_359;Фамилия_359;Город_2; +7 999 123 ** **;
Имя_360;Фамилия_360;Город_2; +7 999 123 ** **;
Имя_361;Фамилия_361;Город_2; +7 999 123 ** **;
Имя_362;Фамилия_362;Город_6; +7 999 123 ** **;
Имя_363;Фамилия_363;Город_3; +7 999 123 ** **;
Имя_364;Фамилия_364;Город_1; +7 999 123 ** **;
Имя_365;Фамилия_365;Город_2; +7 999 123 ** **;
Имя_366;Фамилия_366;Город_7; +7 999 123 ** **;
Имя_367;Фамилия_367;Город_5; +7 999 123 ** **;
Имя_368;Фамилия_368;Город_6; +7 999 123 ** **;
Имя_369;Фамилия_369;Город_5; +7 999 123 ** **;
Имя_370;Фамилия_370;Город_7; +7 999 123 ** **;
Имя_371;Фамилия_371;Город_2; +7 999 123 ** **;
Имя_372;Фамилия_372;Город_6; +7 999 123 ** **;
Имя_373;Фамилия_373;Город_3; +7 999 123 ** **;
Имя_374;Фамилия_374;Город_3; +7 999 123 ** **;
Имя_375;Фамилия_375;Город_2; +7 999 123 ** **;
Имя_376;Фамилия_376;Город_3; +7 999 123 ** **;
Имя_377;Фамилия_377;Город_6; +7 999 123 ** **;
Имя_378;Фамилия_378;Город_9; +7 999 123 ** **;
Имя_379;Фамилия_379;Город_9; +7 999 123 ** **;
Имя_380;Фамилия_380;Город_8; +7 999 123 ** **;
Имя_381;Фамилия_381;Город_6; +7 999 123 ** **;
Имя_382;Фамилия_382;Город_2; +7 999 123 ** **;
Имя_383;Фамилия_383;Город_6; +7 999 123 ** **;
Имя_384;Фамилия_384;Город_1; +7 999 123 ** **;
Имя_385;Фамилия_385;Город_6; +7 999 123 ** **;
Имя_386;Фамилия_386;Город_3; +7 999 123 ** **;
Имя_387;Фамилия_387;Город_2; +7 999 123 ** **;
Имя_388;Фамилия_388;Город_5; +7 999 123 ** **;
Имя_389;Фамилия_389;Город_6; +7 999 123 ** **;
Имя_390;Фамилия_390;Город_4; +7 999 123 ** **;
Имя_391;Фамилия_391;Город_8; +7 999 123 ** **;
Имя_392;Фамилия_392;Город_7; +7 999 123 ** **;
Имя_393;Фамилия_393;Город_8; +7 999 123 ** **;
Имя_394;Фамилия_394;Город_1; +7 999 123 ** **;
Имя_395;Фамилия_395;Город_5; +7 999 123 ** **;
Имя_396;Фамилия_396;Город_7; +7 999 123 ** **;
Имя_397;Фамилия_397;Город_8; +7 999 123 ** **;
Имя_398;Фамилия_398;Город_9; +7 999 123 ** **;
Имя_399;Фамилия_399;Город_2; +7 999 123 ** **;
Имя_400;Фамилия_400;Город_5; +7 999 123 ** **;
Имя_401;Фамилия_401;Город_1; +7 999 123 ** **;
Имя_402;Фамилия_402;Город_8; +7 999 123 ** **;
Имя_403;Фамилия_403;Город_5; +7 999 123 ** **;
Имя_404;Фамилия_404;Город_2; +7 999 123 ** **;
Имя_405;Фамилия_405;Город_9; +7 999 123 ** **;
Имя_406;Фамилия_406;Город_1; +7 999 123 ** **;
Имя_407;Фамилия_407;Город_8; +7 999 123 ** **;
Имя_408;Фамилия_408;Город_5; +7 999 123 ** **;
Имя_409;Фамилия_409;Город_4; +7 999 123 ** **;
Имя_410;Фамилия_410;Город_9; +7 999 123 ** **;
Имя_411;Фамилия_411;Город_1; +7 999 123 ** **;
Имя_412;Фамилия_412;Город_3; +7 999 123 ** **;
Имя_413;Фамилия_413;Город_7; +7 999 123 ** **;
Имя_414;Фамилия_414;Город_9; +7 999 123 ** **;
Имя_415;Фамилия_415;Город_2; +7 999 123 ** **;
Имя_416;Фамилия_416;Город_8; +7 999 123 ** **;
Имя_417;Фамилия_417;Город_9; +7 999 123 ** **;
Имя_418;Фамилия_418;Город_2; +7 999 123 ** **;
Имя_419;Фамилия_419;Город_3; +7 999 123 ** **;
Имя_420;Фамилия_420;Город_7; +7 999 123 ** **;
Имя_421;Фамилия_421;Город_1; +7 999 123 ** **;
Имя_422;Фамилия_422;Город_1; +7 999 123 ** **;
Имя_423;Фамилия_423;Город_5; +7 999 123 ** **;
Имя_424;Фамилия_424;Город_6; +7 999 123 ** **;
Имя_425;Фамилия_425;Город_6; +7 999 123 ** **;
Имя_426;Фамилия_426;Город_6; +7 999 123 ** **;
Имя_427;Фамилия_427;Город_7; +7 999 123 ** **;
Имя_428;Фамилия_428;Город_5; +7 999 123 ** **;
Имя_429;Фамилия_429;Город_3; +7 999 123 ** **;
Имя_430;Фамилия_430;Город_3; +7 999 123 ** **;
Имя_431;Фамилия_431;Город_7; +7 999 123 ** **;
Имя_432;Фамилия_432;Город_8; +7 999 123 ** **;
Имя_433;Фамилия_433;Город_7; +7 999 123 ** **;
Имя_434;Фамилия_434;Город_4; +7 999 123 ** **;
Имя_435;Фамилия_435;Город_1; +7 999 123 ** **;
Имя_436;Фамилия_436;Город_5; +7 999 123 ** **;
Имя_437;Фамилия_437;Город_1; +7 999 123 ** **;
Имя_438;Фамилия_438;Город_3; +7 999 123 ** **;
Имя_439;Фамилия_439;Город_6; +7 999 123 ** **;
Имя_440;Фамилия_440;Город_9; +7 999 123 ** **;
Имя_441;Фамилия_441;Город_4; +7 999 123 ** **;
Имя_442;Фамилия_442;Город_1; +7 999 123 ** **;
Имя_443;Фамилия_443;Город_3; +7 999 123 ** **;
Имя_444;Фамилия_444;Город_6; +7 999 123 ** **;
Имя_445;Фамилия_445;Город_5; +7 999 123 ** **;
Имя_446;Фамилия_446;Город_1; +7 999 123 ** **;
Имя_447;Фамилия_447;Город_7; +7 999 123 ** **;
Имя_448;Фамилия_448;Город_6; +7 999 123 ** **;
Имя_449;Фамилия_449;Город_9; +7 999 123 ** **;
Имя_450;Фамилия_450;Город_6; +7 999 123 ** **;
Имя_451;Фамилия_451;Город_8; +7 999 123 ** **;
Имя_452;Фамилия_452;Город_7; +7 999 123 ** **;
Имя_453;Фамилия_453;Город_5; +7 999 123 ** **;
Имя_454;Фамилия_454;Город_2; +7 999 123 ** **;
Имя_455;Фамилия_455;Город_7; +7 999 123 ** **;
Имя_456;Фамилия_456;Город_8; +7 999 123 ** **;
Имя_457;Фамилия_457;Город_6; +7 999 123 ** **;
Имя_458;Фамилия_458;Город_8; +7 999 123 ** **;
Имя_459;Фамилия_459;Город_9; +7 999 123 ** **;
Имя_460;Фамилия_460;Город_1; +7 999 123 ** **;
Имя_461;Фамилия_461;Город_1; +7 999 123 ** **;
Имя_462;Фамилия_462;Город_2; +7 999 123 ** **;
Имя_463;Фамилия_463;Город_8; +7 999 123 ** **;
Имя_464;Фамилия_464;Город_7; +7 999 123 ** **;
Имя_465;Фамилия_465;Город_3; +7 999 123 ** **;
Имя_466;Фамилия_466;Город_8; +7 999 123 ** **;
Имя_467;Фамилия_467;Город_3; +7 999 123 ** **;
Имя_468;Фамилия_468;Город_5; +7 999 123 ** **;
Имя_469;Фамилия_469;Город_1; +7 999 123 ** **;
Имя_470;Фамилия_470;Город_9; +7 999 123 ** **;
Имя_471;Фамилия_471;Город_4; +7 999 123 ** **;
Имя_472;Фамилия_472;Город_1; +7 999 123 ** **;
Имя_473;Фамилия_473;Город_8; +7 999 123 ** **;
Имя_474;Фамилия_474;Город_6; +7 999 123 ** **;
Имя_475;Фамилия_475;Город_1; +7 999 123 ** **;
Имя_476;Фамилия_476;Город_3; +7 999 123 ** **;
Имя_477;Фамилия_477;Город_6; +7 999 123 ** **;
Имя_478;Фамилия_478;Город_5; +7 999 123 ** **;
Имя_479;Фамилия_479;Город_9; +7 999 123 ** **;
Имя_480;Фамилия_480;Город_1; +7 999 123 ** **;
Имя_481;Фамилия_481;Город_4; +7 999 123 ** **;
Имя_482;Фамилия_482;Город_4; +7 999 123 ** **;
Имя_483;Фамилия_483;Город_5; +7 999 123 ** **;
Имя_484;Фамилия_484;Город_8; +7 999 123 ** **;
Имя_485;Фамилия_485;Город_9; +7 999 123 ** **;
Имя_486;Фамилия_486;Город_5; +7 999 123 ** **;
Имя_487;Фамилия_487;Город_2; +7 999 123 ** **;
Имя_488;Фамилия_488;Город_6; +7 999 123 ** **;
Имя_489;Фамилия_489;Город_8; +7 999 123 ** **;
Имя_490;Фамилия_490;Город_9; +7 999 123 ** **;
Имя_491;Фамилия_491;Город_4; +7 999 123 ** **;
Имя_492;Фамилия_492;Город_2; +7 999 123 ** **;
Имя_493;Фамилия_493;Город_6; +7 999 123 ** **;
Имя_494;Фамилия_494;Город_9; +7 999 123 ** **;
Имя_495;Фамилия_495;Город_4; +7 999 123 ** **;
Имя_496;Фамилия_496;Город_1; +7 999 123 ** **;
Имя_497;Фамилия_497;Город_8; +7 999 123 ** **;
Имя_498;Фамилия_498;Город_6; +7 999 123 ** **;
Имя_499;Фамилия_499;Город_3; +7 999 123 ** **;
Имя_500;Фамилия_500;Город_6; +7 999 123 ** **;
Имя_501;Фамилия_501;Город_9; +7 999 123 ** **;
Имя_502;Фамилия_502;Город_3; +7 999 123 ** **;
Имя_503;Фамилия_503;Город_4; +7 999 123 ** **;
Имя_504;Фамилия_504;Город_5; +7 999 123 ** **;
Имя_505;Фамилия_505;Город_4; +7 999 123 ** **;
Имя_506;Фамилия_506;Город_1; +7 999 123 ** **;
Имя_507;Фамилия_507;Город_9; +7 999 123 ** **;
Имя_508;Фамилия_508;Город_9; +7 999 123 ** **;
Имя_509;Фамилия_509;Город_6; +7 999 123 ** **;
Имя_510;Фамилия_510;Город_2; +7 999 123 ** **;
Имя_511;Фамилия_511;Город_1; +7 999 123 ** **;
Имя_512;Фамилия_512;Город_8; +7 999 123 ** **;
Имя_513;Фамилия_513;Город_9; +7 999 123 ** **;
Имя_514;Фамилия_514;Город_6; +7 999 123 ** **;
Имя_515;Фамилия_515;Город_3; +7 999 123 ** **;
Имя_516;Фамилия_516;Город_4; +7 999 123 ** **;
Имя_517;Фамилия_517;Город_3; +7 999 123 ** **;
Имя_518;Фамилия_518;Город_2; +7 999 123 ** **;
Имя_519;Фамилия_519;Город_8; +7 999 123 ** **;
Имя_520;Фамилия_520;Город_7; +7 999 123 ** **;
Имя_521;Фамилия_521;Город_5; +7 999 123 ** **;
Имя_522;Фамилия_522;Город_1; +7 999 123 ** **;
Имя_523;Фамилия_523;Город_4; +7 999 123 ** **;
Имя_524;Фамилия_524;Город_5; +7 999 123 ** **;
Имя_525;Фамилия_525;Город_8; +7 999 123 ** **;
Имя_526;Фамилия_526;Город_9; +7 999 123 ** **;
Имя_527;Фамилия_527;Город_2; +7 999 123 ** **;
Имя_528;Фамилия_528;Город_4; +7 999 123 ** **;
Имя_529;Фамилия_529;Город_3; +7 999 123 ** **;
Имя_530;Фамилия_530;Город_8; +7 999 123 ** **;
Имя_531;Фамилия_531;Город_4; +7 999 123 ** **;
Имя_532;Фамилия_532;Город_1; +7 999 123 ** **;
Имя_533;Фамилия_533;Город_8; +7 999 123 ** **;
Имя_534;Фамилия_534;Город_5; +7 999 123 ** **;
Имя_535;Фамилия_535;Город_6; +7 999 123 ** **;
Имя_536;Фамилия_536;Город_9; +7 999 123 ** **;
Имя_537;Фамилия_537;Город_5; +7 999 123 ** **;
Имя_538;Фамилия_538;Город_8; +7 999 123 ** **;
Имя_539;Фамилия_539;Город_3; +7 999 123 ** **;
Имя_540;Фамилия_540;Город_2; +7 999 123 ** **;
Имя_541;Фамилия_541;Город_4; +7 999 123 ** **;
Имя_542;Фамилия_542;Город_8; +7 999 123 ** **;
Имя_543;Фамилия_543;Город_8; +7 999 123 ** **;
Имя_544;Фамилия_544;Город_6; +7 999 123 ** **;
Имя_545;Фамилия_545;Город_5; +7 999 123 ** **;
Имя_546;Фамилия_546;Город_4; +7 999 123 ** **;
Имя_547;Фамилия_547;Город_6; +7 999 123 ** **;
Имя_548;Фамилия_548;Город_3; +7 999 123 ** **;
Имя_549;Фамилия_549;Город_3; +7 999 123 ** **;
Имя_550;Фамилия_550;Город_6; +7 999 123 ** **;
Имя_551;Фамилия_551;Город_8; +7 999 123 ** **;
Имя_552;Фамилия_552;Город_5; +7 999 123 ** **;
Имя_553;Фамилия_553;Город_6; +7 999 123 ** **;
Имя_554;Фамилия_554;Город_1; +7 999 123 ** **;
Имя_555;Фамилия_555;Город_1; +7 999 123 ** **;
Имя_556;Фамилия_556;Город_1; +7 999 123 ** **;
Имя_557;Фамилия_557;Город_1; +7 999 123 ** **;
Имя_558;Фамилия_558;Город_9; +7 999 123 ** **;
Имя_559;Фамилия_559;Город_3; +7 999 123 ** **;
Имя_560;Фамилия_560;Город_2; +7 999 123 ** **;
Имя_561;Фамилия_561;Город_6; +7 999 123 ** **;
Имя_562;Фамилия_562;Город_1; +7 999 123 ** **;
Имя_563;Фамилия_563;Город_4; +7 999 123 ** **;
Имя_564;Фамилия_564;Город_3; +7 999 123 ** **;
Имя_565;Фамилия_565;Город_1; +7 999 123 ** **;
Имя_566;Фамилия_566;Город_3; +7 999 123 ** **;
Имя_567;Фамилия_567;Город_2; +7 999 123 ** **;
Имя_568;Фамилия_568;Город_4; +7 999 123 ** **;
Имя_569;Фамилия_569;Город_4; +7 999 123 ** **;
Имя_570;Фамилия_570;Город_5; +7 999 123 ** **;
Имя_571;Фамилия_571;Город_6; +7 999 123 ** **;
Имя_572;Фамилия_572;Город_5; +7 999 123 ** **;
Имя_573;Фамилия_573;Город_1; +7 999 123 ** **;
Имя_574;Фамилия_574;Город_9; +7 999 123 ** **;
Имя_575;Фамилия_575;Город_2; +7 999 123 ** **;
Имя_576;Фамилия_576;Город_4; +7 999 123 ** **;
Имя_577;Фамилия_577;Город_9; +7 999 123 ** **;
Имя_578;Фамилия_578;Город_2; +7 999 123 ** **;
Имя_579;Фамилия_579;Город_4; +7 999 123 ** **;
Имя_580;Фамилия_580;Город_1; +7 999 123 ** **;
Имя_581;Фамилия_581;Город_3; +7 999 123 ** **;
Имя_582;Фамилия_582;Город_4; +7 999 123 ** **;
Имя_583;Фамилия_583;Город_2; +7 999 123 ** **;
Имя_584;Фамилия_584;Город_6; +7 999 123 ** **;
Имя_585;Фамилия_585;Город_3; +7 999 123 ** **;
Имя_586;Фамилия_586;Город_3; +7 999 123 ** **;
Имя_587;Фамилия_587;Город_3; +7 999 123 ** **;
Имя_588;Фамилия_588;Город_7; +7 999 123 ** **;
Имя_589;Фамилия_589;Город_8; +7 999 123 ** **;
Имя_590;Фамилия_590;Город_5; +7 999 123 ** **;
Имя_591;Фамилия_591;Город_9; +7 999 123 ** **;
Имя_592;Фамилия_592;Город_6; +7 999 123 ** **;
Имя_593;Фамилия_593;Город_4; +7 999 123 ** **;
Имя_594;Фамилия_594;Город_1; +7 999 123 ** **;
Имя_595;Фамилия_595;Город_1; +7 999 123 ** **;
Имя_596;Фамилия_596;Город_3; +7 999 123 ** **;
Имя_597;Фамилия_597;Город_3; +7 999 123 ** **;
Имя_598;Фамилия_598;Город_6; +7 999 123 ** **;
Имя_599;Фамилия_599;Город_3; +7 999 123 ** **;
Имя_600;Фамилия_600;Город_3; +7 999 123 ** **;
Имя_601;Фамилия_601;Город_8; +7 999 123 ** **;
Имя_602;Фамилия_602;Город_8; +7 999 123 ** **;
Имя_603;Фамилия_603;Город_7; +7 999 123 ** **;
Имя_604;Фамилия_604;Город_6; +7 999 123 ** **;
Имя_605;Фамилия_605;Город_1; +7 999 123 ** **;
Имя_606;Фамилия_606;Город_7; +7 999 123 ** **;
Имя_607;Фамилия_607;Город_5; +7 999 123 ** **;
Имя_608;Фамилия_608;Город_5; +7 999 123 ** **;
Имя_609;Фамилия_609;Город_2; +7 999 123 ** **;
Имя_610;Фамилия_610;Город_4; +7 999 123 ** **;
Имя_611;Фамилия_611;Город_9; +7 999 123 ** **;
Имя_612;Фамилия_612;Город_7; +7 999 123 ** **;
Имя_613;Фамилия_613;Город_5; +7 999 123 ** **;
Имя_614;Фамилия_614;Город_9; +7 999 123 ** **;
Имя_615;Фамилия_615;Город_7; +7 999 123 ** **;
Имя_616;Фамилия_616;Город_4; +7 999 123 ** **;
Имя_617;Фамилия_617;Город_2; +7 999 123 ** **;
Имя_618;Фамилия_618;Город_7; +7 999 123 ** **;
Имя_619;Фамилия_619;Город_3; +7 999 123 ** **;
Имя_620;Фамилия_620;Город_9; +7 999 123 ** **;
Имя_621;Фамилия_621;Город_7; +7 999 123 ** **;
Имя_622;Фамилия_622;Город_4; +7 999 123 ** **;
Имя_623;Фамилия_623;Город_2; +7 999 123 ** **;
Имя_624;Фамилия_624;Город_8; +7 999 123 ** **;
Имя_625;Фамилия_625;Город_6; +7 999 123 ** **;
Имя_626;Фамилия_626;Город_9; +7 999 123 ** **;
Имя_627;Фамилия_627;Город_8; +7 999 123 ** **;
Имя_628;Фамилия_628;Город_3; +7 999 123 ** **;
Имя_629;Фамилия_629;Город_8; +7 999 123 ** **;
Имя_630;Фамилия_630;Город_5; +7 999 123 ** **;
Имя_631;Фамилия_631;Город_7; +7 999 123 ** **;
Имя_632;Фамилия_632;Город_9; +7 999 123 ** **;
Имя_633;Фамилия_633;Город_1; +7 999 123 ** **;
Имя_634;Фамилия_634;Город_1; +7 999 123 ** **;
Имя_635;Фамилия_635;Город_7; +7 999 123 ** **;
Имя_636;Фамилия_636;Город_2; +7 999 123 ** **;
Имя_637;Фамилия_637;Город_1; +7 999 123 ** **;
Имя_638;Фамилия_638;Город_3; +7 999 123 ** **;
Имя_639;Фамилия_639;Город_1; +7 999 123 ** **;
Имя_640;Фамилия_640;Город_5; +7 999 123 ** **;
Имя_641;Фамилия_641;Город_2; +7 999 123 ** **;
Имя_642;Фамилия_642;Город_4; +7 999 123 ** **;
Имя_643;Фамилия_643;Город_6; +7 999 123 ** **;
Имя_644;Фамилия_644;Город_6; +7 999 123 ** **;
Имя_645;Фамилия_645;Город_9; +7 999 123 ** **;
Имя_646;Фамилия_646;Город_7; +7 999 123 ** **;
Имя_647;Фамилия_647;Город_2; +7 999 123 ** **;
Имя_648;Фамилия_648;Город_5; +7 999 123 ** **;
Имя_649;Фамилия_649;Город_2; +7 999 123 ** **;
Имя_650;Фамилия_650;Город_7; +7 999 123 ** **;
Имя_651;Фамилия_651;Город_1; +7 999 123 ** **;
Имя_652;Фамилия_652;Город_4; +7 999 123 ** **;
Имя_653;Фамилия_653;Город_4; +7 999 123 ** **;
Имя_654;Фамилия_654;Город_5; +7 999 123 ** **;
Имя_655;Фамилия_655;Город_9; +7 999 123 ** **;
Имя_656;Фамилия_656;Город_6; +7 999 123 ** **;
Имя_657;Фамилия_657;Город_7; +7 999 123 ** **;
Имя_658;Фамилия_658;Город_4; +7 999 123 ** **;
Имя_659;Фамилия_659;Город_3; +7 999 123 ** **;
Имя_660;Фамилия_660;Город_2; +7 999 123 ** **;
Имя_661;Фамилия_661;Город_6; +7 999 123 ** **;
Имя_662;Фамилия_662;Город_1; +7 999 123 ** **;
Имя_663;Фамилия_663;Город_7; +7 999 123 ** **;
Имя_664;Фамилия_664;Город_3; +7 999 123 ** **;
Имя_665;Фамилия_665;Город_1; +7 999 123 ** **;
Имя_666;Фамилия_666;Город_5; +7 999 123 ** **;
Имя_667;Фамилия_667;Город_5; +7 999 123 ** **;
Имя_668;Фамилия_668;Город_9; +7 999 123 ** **;
Имя_669;Фамилия_669;Город_5; +7 999 123 ** **;
Имя_670;Фамилия_670;Город_1; +7 999 123 ** **;
Имя_671;Фамилия_671;Город_7; +7 999 123 ** **;
Имя_672;Фамилия_672;Город_6; +7 999 123 ** **;
Имя_673;Фамилия_673;Город_1; +7 999 123 ** **;
Имя_674;Фамилия_674;Город_2; +7 999 123 ** **;
Имя_675;Фамилия_675;Город_5; +7 999 123 ** **;
Имя_676;Фамилия_676;Город_2; +7 999 123 ** **;
Имя_677;Фамилия_677;Город_6; +7 999 123 ** **;
Имя_678;Фамилия_678;Город_8; +7 999 123 ** **;
Имя_679;Фамилия_679;Город_2; +7 999 123 ** **;
Имя_680;Фамилия_680;Город_8; +7 999 123 ** **;
Имя_681;Фамилия_681;Город_4; +7 999 123 ** **;
Имя_682;Фамилия_682;Город_4; +7 999 123 ** **;
Имя_683;Фамилия_683;Город_4; +7 999 123 ** **;
Имя_684;Фамилия_684;Город_3; +7 999 123 ** **;
Имя_685;Фамилия_685;Город_8; +7 999 123 ** **;
Имя_686;Фамилия_686;Город_6; +7 999 123 ** **;
Имя_687;Фамилия_687;Город_1; +7 999 123 ** **;
Имя_688;Фамилия_688;Город_6; +7 999 123 ** **;
Имя_689;Фамилия_689;Город_5; +7 999 123 ** **;
Имя_690;Фамилия_690;Город_5; +7 999 123 ** **;
Имя_691;Фамилия_691;Город_1; +7 999 123 ** **;
Имя_692;Фамилия_692;Город_3; +7 999 123 ** **;
Имя_693;Фамилия_693;Город_6; +7 999 123 ** **;
Имя_694;Фамилия_694;Город_6; +7 999 123 ** **;
Имя_695;Фамилия_695;Город_4; +7 999 123 ** **;
Имя_696;Фамилия_696;Город_2; +7 999 123 ** **;
Имя_697;Фамилия_697;Город_3; +7 999 123 ** **;
Имя_698;Фамилия_698;Город_2; +7 999 123 ** **;
Имя_699;Фамилия_699;Город_6; +7 999 123 ** **;
Имя_700;Фамилия_700;Город_4; +7 999 123 ** **;
Имя_701;Фамилия_701;Город_7; +7 999 123 ** **;
Имя_702;Фамилия_702;Город_6; +7 999 123 ** **;
Имя_703;Фамилия_703;Город_3; +7 999 123 ** **;
Имя_704;Фамилия_704;Город_8; +7 999 123 ** **;
Имя_705;Фамилия_705;Город_1; +7 999 123 ** **;
Имя_706;Фамилия_706;Город_1; +7 999 123 ** **;
Имя_707;Фамилия_707;Город_8; +7 999 123 ** **;
Имя_708;Фамилия_708;Город_2; +7 999 123 ** **;
Имя_709;Фамилия_709;Город_1; +7 999 123 ** **;
Имя_710;Фамилия_710;Город_6; +7 999 123 ** **;
Имя_711;Фамилия_711;Город_6; +7 999 123 ** **;
Имя_712;Фамилия_712;Город_3; +7 999 123 ** **;
Имя_713;Фамилия_713;Город_5; +7 999 123 ** **;
Имя_714;Фамилия_714;Город_2; +7 999 123 ** **;
Имя_715;Фамилия_715;Город_4; +7 999 123 ** **;
Имя_716;Фамилия_716;Город_1; +7 999 123 ** **;
Имя_717;Фамилия_717;Город_6; +7 999 123 ** **;
Имя_718;Фамилия_718;Город_4; +7 999 123 ** **;
Имя_719;Фамилия_719;Город_1; +7 999 123 ** **;
Имя_720;Фамилия_720;Город_9; +7 999 123 ** **;
Имя_721;Фамилия_721;Город_2; +7 999 123 ** **;
Имя_722;Фамилия_722;Город_9; +7 999 123 ** **;
Имя_723;Фамилия_723;Город_1; +7 999 123 ** **;
Имя_724;Фамилия_724;Город_4; +7 999 123 ** **;
Имя_725;Фамилия_725;Город_8; +7 999 123 ** **;
Имя_726;Фамилия_726;Город_5; +7 999 123 ** **;
Имя_727;Фамилия_727;Город_5; +7 999 123 ** **;
Имя_728;Фамилия_728;Город_7; +7 999 123 ** **;
Имя_729;Фамилия_729;Город_1; +7 999 123 ** **;
Имя_730;Фамилия_730;Город_5; +7 999 123 ** **;
Имя_731;Фамилия_731;Город_7; +7 999 123 ** **;
Имя_732;Фамилия_732;Город_6; +7 999 123 ** **;
Имя_733;Фамилия_733;Город_5; +7 999 123 ** **;
Имя_734;Фамилия_734;Город_1; +7 999 123 ** **;
Имя_735;Фамилия_735;Город_9; +7 999 123 ** **;
Имя_736;Фамилия_736;Город_8; +7 999 123 ** **;
Имя_737;Фамилия_737;Город_4; +7 999 123 ** **;
Имя_738;Фамилия_738;Город_8; +7 999 123 ** **;
Имя_739;Фамилия_739;Город_1; +7 999 123 ** **;
Имя_740;Фамилия_740;Город_8; +7 999 123 ** **;
Имя_741;Фамилия_741;Город_5; +7 999 123 ** **;
Имя_742;Фамилия_742;Город_6; +7 999 123 ** **;
Имя_743;Фамилия_743;Город_6; +7 999 123 ** **;
Имя_744;Фамилия_744;Город_4; +7 999 123 ** **;
Имя_745;Фамилия_745;Город_9; +7 999 123 ** **;
Имя_746;Фамилия_746;Город_5; +7 999 123 ** **;
Имя_747;Фамилия_747;Город_3; +7 999 123 ** **;
Имя_748;Фамилия_748;Город_5; +7 999 123 ** **;
Имя_749;Фамилия_749;Город_9; +7 999 123 ** **;
Имя_750;Фамилия_750;Город_2; +7 999 123 ** **;
Имя_751;Фамилия_751;Город_7; +7 999 123 ** **;
Имя_752;Фамилия_752;Город_8; +7 999 123 ** **;
Имя_753;Фамилия_753;Город_6; +7 999 123 ** **;
Имя_754;Фамилия_754;Город_7; +7 999 123 ** **;
Имя_755;Фамилия_755;Город_9; +7 999 123 ** **;
Имя_756;Фамилия_756;Город_4; +7 999 123 ** **;
Имя_757;Фамилия_757;Город_6; +7 999 123 ** **;
Имя_758;Фамилия_758;Город_1; +7 999 123 ** **;
Имя_759;Фамилия_759;Город_9; +7 999 123 ** **;
Имя_760;Фамилия_760;Город_1; +7 999 123 ** **;
Имя_761;Фамилия_761;Город_5; +7 999 123 ** **;
Имя_762;Фамилия_762;Город_1; +7 999 123 ** **;
Имя_763;Фамилия_763;Город_5; +7 999 123 ** **;
Имя_764;Фамилия_764;Город_2; +7 999 123 ** **;
Имя_765;Фамилия_765;Город_7; +7 999 123 ** **;
Имя_766;Фамилия_766;Город_3; +7 999 123 ** **;
Имя_767;Фамилия_767;Город_5; +7 999 123 ** **;
Имя_768;Фамилия_768;Город_6; +7 999 123 ** **;
Имя_769;Фамилия_769;Город_9; +7 999 123 ** **;
Имя_770;Фамилия_770;Город_4; +7 999 123 ** **;
Имя_771;Фамилия_771;Город_3; +7 999 123 ** **;
Имя_772;Фамилия_772;Город_9; +7 999 123 ** **;
Имя_773;Фамилия_773;Город_7; +7 999 123 ** **;
Имя_774;Фамилия_774;Город_1; +7 999 123 ** **;
Имя_775;Фамилия_775;Город_5; +7 999 123 ** **;
Имя_776;Фамилия_776;Город_6; +7 999 123 ** **;
Имя_777;Фамилия_777;Город_6; +7 999 123 ** **;
Имя_778;Фамилия_778;Город_6; +7 999 123 ** **;
Имя_779;Фамилия_779;Город_1; +7 999 123 ** **;
Имя_780;Фамилия_780;Город_7; +7 999 123 ** **;
Имя_781;Фамилия_781;Город_2; +7 999 123 ** **;
Имя_782;Фамилия_782;Город_4; +7 999 123 ** **;
Имя_783;Фамилия_783;Город_5; +7 999 123 ** **;
Имя_784;Фамилия_784;Город_1; +7 999 123 ** **;
Имя_785;Фамилия_785;Город_5; +7 999 123 ** **;
Имя_786;Фамилия_786;Город_9; +7 999 123 ** **;
Имя_787;Фамилия_787;Город_8; +7 999 123 ** **;
Имя_788;Фамилия_788;Город_4; +7 999 123 ** **;
Имя_789;Фамилия_789;Город_7; +7 999 123 ** **;
Имя_790;Фамилия_790;Город_6; +7 999 123 ** **;
Имя_791;Фамилия_791;Город_4; +7 999 123 ** **;
Имя_792;Фамилия_792;Город_8; +7 999 123 ** **;
Имя_793;Фамилия_793;Город_6; +7 999 123 ** **;
Имя_794;Фамилия_794;Город_4; +7 999 123 ** **;
Имя_795;Фамилия_795;Город_9; +7 999 123 ** **;
Имя_796;Фамилия_796;Город_9; +7 999 123 ** **;
Имя_797;Фамилия_797;Город_7; +7 999 123 ** **;
Имя_798;Фамилия_798;Город_9; +7 999 123 ** **;
Имя_799;Фамилия_799;Город_4; +7 999 123 ** **;
Имя_800;Фамилия_800;Город_7; +7 999 123 ** **;
Имя_801;Фамилия_801;Город_6; +7 999 123 ** **;
Имя_802;Фамилия_802;Город_9; +7 999 123 ** **;
Имя_803;Фамилия_803;Город_7; +7 999 123 ** **;
Имя_804;Фамилия_804;Город_4; +7 999 123 ** **;
Имя_805;Фамилия_805;Город_8; +7 999 123 ** **;
Имя_806;Фамилия_806;Город_6; +7 999 123 ** **;
Имя_807;Фамилия_807;Город_6; +7 999 123 ** **;
Имя_808;Фамилия_808;Город_1; +7 999 123 ** **;
Имя_809;Фамилия_809;Город_6; +7 999 123 ** **;
Имя_810;Фамилия_810;Город_3; +7 999 123 ** **;
Имя_811;Фамилия_811;Город_7; +7 999 123 ** **;
Имя_812;Фамилия_812;Город_4; +7 999 123 ** **;
Имя_813;Фамилия_813;Город_9; +7 999 123 ** **;
Имя_814;Фамилия_814;Город_3; +7 999 123 ** **;
Имя_815;Фамилия_815;Город_9; +7 999 123 ** **;
Имя_816;Фамилия_816;Город_4; +7 999 123 ** **;
Имя_817;Фамилия_817;Город_8; +7 999 123 ** **;
Имя_818;Фамилия_818;Город_7; +7 999 123 ** **;
Имя_819;Фамилия_819;Город_3; +7 999 123 ** **;
Имя_820;Фамилия_820;Город_7; +7 999 123 ** **;
Имя_821;Фамилия_821;Город_8; +7 999 123 ** **;
Имя_822;Фамилия_822;Город_4; +7 999 123 ** **;
Имя_823;Фамилия_823;Город_4; +7 999 123 ** **;
Имя_824;Фамилия_824;Город_6; +7 999 123 ** **;
Имя_825;Фамилия_825;Город_4; +7 999 123 ** **;
Имя_826;Фамилия_826;Город_9; +7 999 123 ** **;
Имя_827;Фамилия_827;Город_4; +7 999 123 ** **;
Имя_828;Фамилия_828;Город_7; +7 999 123 ** **;
Имя_829;Фамилия_829;Город_7; +7 999 123 ** **;
Имя_830;Фамилия_830;Город_1; +7 999 123 ** **;
Имя_831;Фамилия_831;Город_8; +7 999 123 ** **;
Имя_832;Фамилия_832;Город_4; +7 999 123 ** **;
Имя_833;Фамилия_833;Город_5; +7 999 123 ** **;
Имя_834;Фамилия_834;Город_7; +7 999 123 ** **;
Имя_835;Фамилия_835;Город_1; +7 999 123 ** **;
Имя_836;Фамилия_836;Город_1; +7 999 123 ** **;
Имя_837;Фамилия_837;Город_2; +7 999 123 ** **;
Имя_838;Фамилия_838;Город_5; +7 999 123 ** **;
Имя_839;Фамилия_839;Город_2; +7 999 123 ** **;
Имя_840;Фамилия_840;Город_9; +7 999 123 ** **;
Имя_841;Фамилия_841;Город_3; +7 999 123 ** **;
Имя_842;Фамилия_842;Город_7; +7 999 123 ** **;
Имя_843;Фамилия_843;Город_8; +7 999 123 ** **;
Имя_844;Фамилия_844;Город_9; +7 999 123 ** **;
Имя_845;Фамилия_845;Город_8; +7 999 123 ** **;
Имя_846;Фамилия_846;Город_8; +7 999 123 ** **;
Имя_847;Фамилия_847;Город_1; +7 999 123 ** **;
Имя_848;Фамилия_848;Город_1; +7 999 123 ** **;
Имя_849;Фамилия_849;Город_7; +7 999 123 ** **;
Имя_850;Фамилия_850;Город_7; +7 999 123 ** **;
Имя_851;Фамилия_851;Город_8; +7 999 123 ** **;
Имя_852;Фамилия_852;Город_1; +7 999 123 ** **;
Имя_853;Фамилия_853;Город_3; +7 999 123 ** **;
Имя_854;Фамилия_854;Город_4; +7 999 123 ** **;
Имя_855;Фамилия_855;Город_5; +7 999 123 ** **;
Имя_856;Фамилия_856;Город_9; +7 999 123 ** **;
Имя_857;Фамилия_857;Город_5; +7 999 123 ** **;
Имя_858;Фамилия_858;Город_9; +7 999 123 ** **;
Имя_859;Фамилия_859;Город_8; +7 999 123 ** **;
Имя_860;Фамилия_860;Город_6; +7 999 123 ** **;
Имя_861;Фамилия_861;Город_5; +7 999 123 ** **;
Имя_862;Фамилия_862;Город_5; +7 999 123 ** **;
Имя_863;Фамилия_863;Город_3; +7 999 123 ** **;
Имя_864;Фамилия_864;Город_4; +7 999 123 ** **;
Имя_865;Фамилия_865;Город_9; +7 999 123 ** **;
Имя_866;Фамилия_866;Город_8; +7 999 123 ** **;
Имя_867;Фамилия_867;Город_6; +7 999 123 ** **;
Имя_868;Фамилия_868;Город_6; +7 999 123 ** **;
Имя_869;Фамилия_869;Город_6; +7 999 123 ** **;
Имя_870;Фамилия_870;Город_8; +7 999 123 ** **;
Имя_871;Фамилия_871;Город_9; +7 999 123 ** **;
Имя_872;Фамилия_872;Город_8; +7 999 123 ** **;
Имя_873;Фамилия_873;Город_4; +7 999 123 ** **;
Имя_874;Фамилия_874;Город_2; +7 999 123 ** **;
Имя_875;Фамилия_875;Город_6; +7 999 123 ** **;
Имя_876;Фамилия_876;Город_3; +7 999 123 ** **;
Имя_877;Фамилия_877;Город_9; +7 999 123 ** **;
Имя_878;Фамилия_878;Город_2; +7 999 123 ** **;
Имя_879;Фамилия_879;Город_4; +7 999 123 ** **;
Имя_880;Фамилия_880;Город_1; +7 999 123 ** **;
Имя_881;Фамилия_881;Город_4; +7 999 123 ** **;
Имя_882;Фамилия_882;Город_4; +7 999 123 ** **;
Имя_883;Фамилия_883;Город_5; +7 999 123 ** **;
Имя_884;Фамилия_884;Город_6; +7 999 123 ** **;
Имя_885;Фамилия_885;Город_7; +7 999 123 ** **;
Имя_886;Фамилия_886;Город_4; +7 999 123 ** **;
Имя_887;Фамилия_887;Город_5; +7 999 123 ** **;
Имя_888;Фамилия_888;Город_5; +7 999 123 ** **;
Имя_889;Фамилия_889;Город_8; +7 999 123 ** **;
Имя_890;Фамилия_890;Город_6; +7 999 123 ** **;
Имя_891;Фамилия_891;Город_4; +7 999 123 ** **;
Имя_892;Фамилия_892;Город_3; +7 999 123 ** **;
Имя_893;Фамилия_893;Город_2; +7 999 123 ** **;
Имя_894;Фамилия_894;Город_3; +7 999 123 ** **;
Имя_895;Фамилия_895;Город_2; +7 999 123 ** **;
Имя_896;Фамилия_896;Город_1; +7 999 123 ** **;
Имя_897;Фамилия_897;Город_8; +7 999 123 ** **;
Имя_898;Фамилия_898;Город_3; +7 999 123 ** **;
Имя_899;Фамилия_899;Город_2; +7 999 123 ** **;
Имя_900;Фамилия_900;Город_2; +7 999 123 ** **;
Имя_901;Фамилия_901;Город_4; +7 999 123 ** **;
Имя_902;Фамилия_902;Город_5; +7 999 123 ** **;
Имя_903;Фамилия_903;Город_1; +7 999 123 ** **;
Имя_904;Фамилия_904;Город_8; +7 999 123 ** **;
Имя_905;Фамилия_905;Город_6; +7 999 123 ** **;
Имя_906;Фамилия_906;Город_6; +7 999 123 ** **;
Имя_907;Фамилия_907;Город_3; +7 999 123 ** **;
Имя_908;Фамилия_908;Город_6; +7 999 123 ** **;
Имя_909;Фамилия_909;Город_3; +7 999 123 ** **;
Имя_910;Фамилия_910;Город_9; +7 999 123 ** **;
Имя_911;Фамилия_911;Город_6; +7 999 123 ** **;
Имя_912;Фамилия_912;Город_9; +7 999 123 ** **;
Имя_913;Фамилия_913;Город_2; +7 999 123 ** **;
Имя_914;Фамилия_914;Город_7; +7 999 123 ** **;
Имя_915;Фамилия_915;Город_5; +7 999 123 ** **;
Имя_916;Фамилия_916;Город_3; +7 999 123 ** **;
Имя_917;Фамилия_917;Город_7; +7 999 123 ** **;
Имя_918;Фамилия_918;Город_5; +7 999 123 ** **;
Имя_919;Фамилия_919;Город_6; +7 999 123 ** **;
Имя_920;Фамилия_920;Город_8; +7 999 123 ** **;
Имя_921;Фамилия_921;Город_7; +7 999 123 ** **;
Имя_922;Фамилия_922;Город_9; +7 999 123 ** **;
Имя_923;Фамилия_923;Город_5; +7 999 123 ** **;
Имя_924;Фамилия_924;Город_4; +7 999 123 ** **;
Имя_925;Фамилия_925;Город_9; +7 999 123 ** **;
Имя_926;Фамилия_926;Город_9; +7 999 123 ** **;
Имя_927;Фамилия_927;Город_3; +7 999 123 ** **;
Имя_928;Фамилия_928;Город_1; +7 999 123 ** **;
Имя_929;Фамилия_929;Город_2; +7 999 123 ** **;
Имя_930;Фамилия_930;Город_3; +7 999 123 ** **;
Имя_931;Фамилия_931;Город_4; +7 999 123 ** **;
Имя_932;Фамилия_932;Город_4; +7 999 123 ** **;
Имя_933;Фамилия_933;Город_1; +7 999 123 ** **;
Имя_934;Фамилия_934;Город_6; +7 999 123 ** **;
Имя_935;Фамилия_935;Город_8; +7 999 123 ** **;
Имя_936;Фамилия_936;Город_9; +7 999 123 ** **;
Имя_937;Фамилия_937;Город_8; +7 999 123 ** **;
Имя_938;Фамилия_938;Город_8; +7 999 123 ** **;
Имя_939;Фамилия_939;Город_1; +7 999 123 ** **;
Имя_940;Фамилия_940;Город_8; +7 999 123 ** **;
Имя_941;Фамилия_941;Город_6; +7 999 123 ** **;
Имя_942;Фамилия_942;Город_3; +7 999 123 ** **;
Имя_943;Фамилия_943;Город_8; +7 999 123 ** **;
Имя_944;Фамилия_944;Город_4; +7 999 123 ** **;
Имя_945;Фамилия_945;Город_5; +7 999 123 ** **;
Имя_946;Фамилия_946;Город_8; +7 999 123 ** **;
Имя_947;Фамилия_947;Город_2; +7 999 123 ** **;
Имя_948;Фамилия_948;Город_8; +7 999 123 ** **;
Имя_949;Фамилия_949;Город_7; +7 999 123 ** **;
Имя_950;Фамилия_950;Город_5; +7 999 123 ** **;
Имя_951;Фамилия_951;Город_9; +7 999 123 ** **;
Имя_952;Фамилия_952;Город_6; +7 999 123 ** **;
Имя_953;Фамилия_953;Город_2; +7 999 123 ** **;
Имя_954;Фамилия_954;Город_9; +7 999 123 ** **;
Имя_955;Фамилия_955;Город_5; +7 999 123 ** **;
Имя_956;Фамилия_956;Город_2; +7 999 123 ** **;
Имя_957;Фамилия_957;Город_3; +7 999 123 ** **;
Имя_958;Фамилия_958;Город_5; +7 999 123 ** **;
Имя_959;Фамилия_959;Город_3; +7 999 123 ** **;
Имя_960;Фамилия_960;Город_1; +7 999 123 ** **;
Имя_961;Фамилия_961;Город_5; +7 999 123 ** **;
Имя_962;Фамилия_962;Город_9; +7 999 123 ** **;
Имя_963;Фамилия_963;Город_3; +7 999 123 ** **;
Имя_964;Фамилия_964;Город_9; +7 999 123 ** **;
Имя_965;Фамилия_965;Город_4; +7 999 123 ** **;
Имя_966;Фамилия_966;Город_9; +7 999 123 ** **;
Имя_967;Фамилия_967;Город_6; +7 999 123 ** **;
Имя_968;Фамилия_968;Город_7; +7 999 123 ** **;
Имя_969;Фамилия_969;Город_9; +7 999 123 ** **;
Имя_970;Фамилия_970;Город_4; +7 999 123 ** **;
Имя_971;Фамилия_971;Город_1; +7 999 123 ** **;
Имя_972;Фамилия_972;Город_4; +7 999 123 ** **;
Имя_973;Фамилия_973;Город_5; +7 999 123 ** **;
Имя_974;Фамилия_974;Город_7; +7 999 123 ** **;
Имя_975;Фамилия_975;Город_9; +7 999 123 ** **;
Имя_976;Фамилия_976;Город_9; +7 999 123 ** **;
Имя_977;Фамилия_977;Город_8; +7 999 123 ** **;
Имя_978;Фамилия_978;Город_5; +7 999 123 ** **;
Имя_979;Фамилия_979;Город_4; +7 999 123 ** **;
Имя_980;Фамилия_980;Город_1; +7 999 123 ** **;
Имя_981;Фамилия_981;Город_2; +7 999 123 ** **;
Имя_982;Фамилия_982;Город_9; +7 999 123 ** **;
Имя_983;Фамилия_983;Город_7; +7 999 123 ** **;
Имя_984;Фамилия_984;Город_3; +7 999 123 ** **;
Имя_985;Фамилия_985;Город_6; +7 999 123 ** **;
Имя_986;Фамилия_986;Город_3; +7 999 123 ** **;
Имя_987;Фамилия_987;Город_3; +7 999 123 ** **;
Имя_988;Фамилия_988;Город_6; +7 999 123 ** **;
Имя_989;Фамилия_989;Город_4; +7 999 123 ** **;
Имя_990;Фамилия_990;Город_4; +7 999 123 ** **;
Имя_991;Фамилия_991;Город_5; +7 999 123 ** **;
Имя_992;Фамилия_992;Город_9; +7 999 123 ** **;
Имя_993;Фамилия_993;Город_9; +7 999 123 ** **;
Имя_994;Фамилия_994;Город_8; +7 999 123 ** **;
Имя_995;Фамилия_995;Город_7; +7 999 123 ** **;
Имя_996;Фамилия_996;Город_4; +7 999 123 ** **;
Имя_997;Фамилия_997;Город_1; +7 999 123 ** **;
Имя_998;Фамилия_998;Город_8; +7 999 123 ** **;
Имя_999;Фамилия_999;Город_7; +7 999 123 ** **;
